Algorithm,NumCount,Successes_1,Successes_2,Successes_3,Successes_4,Successes_5,Successes_6
Random,18,21.1874,34.8079,26.5425,10.4773,1.97905,0.116414
PatternMatchingRows,17.9185,6.63562,18.8591,35.39,25.6112,10.3609,1.97905
PatternMatchingColumns,17.9348,0.116414,2.09546,26.5425,44.4703,23.0501,3.72526
