Algorithm,NumCount,Successes_1,Successes_2,Successes_3,Successes_4,Successes_5,Successes_6
Random,18,22.0023,36.4377,24.9127,11.8743,0.814901,0.232829
PatternMatchingRows,18,5.23865,16.8801,34.5751,27.1246,12.5728,2.56112
PatternMatchingColumns,17.9721,3.37602,33.8766,36.0885,20.1397,5.93714,0.349243
