Algorithm,NumCount,Successes_1,Successes_2,Successes_3,Successes_4,Successes_5,Successes_6
Random,18,20.1397,37.0198,24.6799,10.1281,2.32829,0
PatternMatchingRows,18,11.1758,27.7066,32.1304,20.9546,5.70431,0.465658
PatternMatchingColumns,15.8335,0,0.698487,4.30733,13.8533,33.0617,48.0792
